feature,importance
RM,0.4923085796849639
LSTAT,0.32346854519054613
DIS,0.056307626016735945
CRIM,0.038540257129174194
NOX,0.015978970171852416
PTRATIO,0.01595593496805075
TAX,0.015470404443749239
AGE,0.015198826144818706
B,0.012431262084712954
INDUS,0.007021317856179971
RAD,0.004135411352044705
ZN,0.0018911990273635635
CHAS,0.0012916659298075762
